[
  {
    "id": "k01",
    "nama": "Kutai Martadipura",
    "lat": 0.5383,
    "lng": 116.4194,
    "mulai": 350,
    "akhir": 1635,
    "deskripsi_singkat": "Kerajaan Hindu tertua di Nusantara.",
    "wilayah": {
      "type": "Polygon",
      "coordinates": [
        [
          [
            116.0,
            0.8
          ],
          [
            116.2,
            0.95
          ],
          [
            116.5,
            0.9
          ],
          [
            116.7,
            0.8
          ],
          [
            116.85,
            0.65
          ],
          [
            116.8,
            0.5
          ],
          [
            116.75,
            0.3
          ],
          [
            116.6,
            0.2
          ],
          [
            116.3,
            0.15
          ],
          [
            116.1,
            0.2
          ],
          [
            115.95,
            0.4
          ],
          [
            115.95,
            0.65
          ],
          [
            116.0,
            0.8
          ]
        ]
      ]
    }
  },
  {
    "id": "k02",
    "nama": "Tarumanegara",
    "lat": -6.5976,
    "lng": 106.7995,
    "mulai": 340,
    "akhir": 669,
    "deskripsi_singkat": "Kerajaan Hindu di Jawa Barat.",
    "wilayah": {
      "type": "Polygon",
      "coordinates": [
        [
          [
            106.5,
            -6.0
          ],
          [
            107.5,
            -6.1
          ],
          [
            107.6,
            -6.8
          ],
          [
            106.6,
            -6.7
          ],
          [
            106.5,
            -6.0
          ]
        ]
      ]
    }
  },
  {
    "id": "k03",
    "nama": "Kerajaan Kalingga",
    "lat": -6.65,
    "lng": 110.7,
    "mulai": 600,
    "akhir": 700,
    "deskripsi_singkat": "Kerajaan di pantai utara Jawa Tengah, dipimpin Ratu Shima.",
    "wilayah": {
      "type": "Polygon",
      "coordinates": [
        [
          [
            110.3,
            -6.2
          ],
          [
            110.6,
            -6.0
          ],
          [
            111.0,
            -6.2
          ],
          [
            111.2,
            -6.5
          ],
          [
            111.3,
            -6.8
          ],
          [
            111.1,
            -7.1
          ],
          [
            110.8,
            -7.3
          ],
          [
            110.4,
            -7.4
          ],
          [
            110.1,
            -7.2
          ],
          [
            109.9,
            -7.0
          ],
          [
            109.8,
            -6.6
          ],
          [
            110.0,
            -6.3
          ],
          [
            110.3,
            -6.2
          ]
        ]
      ]
    }
  },
  {
    "id": "k04",
    "nama": "Sriwijaya",
    "lat": -2.9909,
    "lng": 104.7566,
    "mulai": 650,
    "akhir": 1377,
    "deskripsi_singkat": "Kemaharajaan maritim Buddha terbesar.",
    "wilayah": {
      "type": "Polygon",
      "coordinates": [
        [
          [
            103.5,
            -1.5
          ],
          [
            104.8,
            -1.8
          ],
          [
            106.0,
            -2.0
          ],
          [
            106.3,
            -3.5
          ],
          [
            106.2,
            -4.5
          ],
          [
            105.5,
            -5.2
          ],
          [
            104.0,
            -5.0
          ],
          [
            103.0,
            -4.0
          ],
          [
            102.5,
            -3.0
          ],
          [
            102.0,
            -2.0
          ],
          [
            102.5,
            -1.0
          ],
          [
            103.5,
            -1.5
          ]
        ]
      ]
    }
  },
  {
    "id": "k05",
    "nama": "Mataram Kuno",
    "lat": -7.7956,
    "lng": 110.3695,
    "mulai": 732,
    "akhir": 1006,
    "deskripsi_singkat": "Pembangun Borobudur & Prambanan.",
    "wilayah": {
      "type": "Polygon",
      "coordinates": [
        [
          [
            109.5,
            -7.3
          ],
          [
            109.9,
            -7.1
          ],
          [
            110.4,
            -7.1
          ],
          [
            110.8,
            -7.3
          ],
          [
            111.0,
            -7.6
          ],
          [
            111.0,
            -8.0
          ],
          [
            110.7,
            -8.2
          ],
          [
            110.3,
            -8.3
          ],
          [
            109.8,
            -8.2
          ],
          [
            109.5,
            -8.0
          ],
          [
            109.3,
            -7.6
          ],
          [
            109.3,
            -7.4
          ],
          [
            109.5,
            -7.3
          ]
        ]
      ]
    }
  },
  {
    "id": "k06",
    "nama": "Kerajaan Medang",
    "lat": -7.6,
    "lng": 111.5,
    "mulai": 929,
    "akhir": 1016,
    "deskripsi_singkat": "Kelanjutan Mataram Kuno di Jawa Timur.",
    "wilayah": {
      "type": "Polygon",
      "coordinates": [
        [
          [
            111.0,
            -7.2
          ],
          [
            111.3,
            -7.0
          ],
          [
            111.8,
            -7.0
          ],
          [
            112.2,
            -7.2
          ],
          [
            112.4,
            -7.5
          ],
          [
            112.5,
            -7.9
          ],
          [
            112.3,
            -8.1
          ],
          [
            111.9,
            -8.2
          ],
          [
            111.4,
            -8.1
          ],
          [
            111.0,
            -7.9
          ],
          [
            110.8,
            -7.5
          ],
          [
            110.9,
            -7.3
          ],
          [
            111.0,
            -7.2
          ]
        ]
      ]
    }
  },
  {
    "id": "k07",
    "nama": "Kerajaan Kediri",
    "lat": -7.816,
    "lng": 112.016,
    "mulai": 1045,
    "akhir": 1222,
    "deskripsi_singkat": "Dikenal dengan karya sastranya yang maju.",
    "wilayah": {
      "type": "Polygon",
      "coordinates": [
        [
          [
            111.5,
            -7.4
          ],
          [
            111.8,
            -7.3
          ],
          [
            112.2,
            -7.4
          ],
          [
            112.5,
            -7.7
          ],
          [
            112.6,
            -8.0
          ],
          [
            112.5,
            -8.3
          ],
          [
            112.2,
            -8.5
          ],
          [
            111.8,
            -8.6
          ],
          [
            111.4,
            -8.4
          ],
          [
            111.2,
            -8.0
          ],
          [
            111.2,
            -7.6
          ],
          [
            111.3,
            -7.5
          ],
          [
            111.5,
            -7.4
          ]
        ]
      ]
    }
  },
  {
    "id": "k08",
    "nama": "Kerajaan Singasari",
    "lat": -7.983,
    "lng": 112.633,
    "mulai": 1222,
    "akhir": 1292,
    "deskripsi_singkat": "Pendahulu Majapahit dengan raja terkenalnya, Kertanegara.",
    "wilayah": {
      "type": "Polygon",
      "coordinates": [
        [
          [
            112.2,
            -7.4
          ],
          [
            112.6,
            -7.3
          ],
          [
            113.0,
            -7.5
          ],
          [
            113.2,
            -7.8
          ],
          [
            113.3,
            -8.2
          ],
          [
            113.1,
            -8.5
          ],
          [
            112.8,
            -8.7
          ],
          [
            112.4,
            -8.8
          ],
          [
            112.0,
            -8.6
          ],
          [
            111.8,
            -8.3
          ],
          [
            111.9,
            -7.9
          ],
          [
            112.0,
            -7.5
          ],
          [
            112.2,
            -7.4
          ]
        ]
      ]
    }
  },
  {
    "id": "k09",
    "nama": "Majapahit",
    "lat": -7.557,
    "lng": 112.432,
    "mulai": 1293,
    "akhir": 1527,
    "deskripsi_singkat": "Imperium terbesar dalam sejarah Indonesia. Terkenal dengan Sumpah Palapa oleh Gadjah Mada",
    "wilayah": {
      "type": "Polygon",
      "coordinates": [
        [
          [
            110.8,
            -6.7
          ],
          [
            113.0,
            -6.5
          ],
          [
            114.5,
            -7.0
          ],
          [
            114.7,
            -8.5
          ],
          [
            112.5,
            -8.7
          ],
          [
            111.0,
            -8.2
          ],
          [
            110.8,
            -6.7
          ]
        ]
      ]
    }
  },
  {
    "id": "k06",
    "nama": "Kesultanan Demak",
    "lat": -6.8918,
    "lng": 110.6406,
    "mulai": 1475,
    "akhir": 1554,
    "deskripsi_singkat": "Kesultanan Islam pertama di Jawa.",
    "wilayah": {
      "type": "Polygon",
      "coordinates": [
        [
          [
            110.3,
            -6.5
          ],
          [
            110.6,
            -6.3
          ],
          [
            111.0,
            -6.4
          ],
          [
            111.2,
            -6.6
          ],
          [
            111.3,
            -6.9
          ],
          [
            111.1,
            -7.1
          ],
          [
            110.8,
            -7.2
          ],
          [
            110.5,
            -7.3
          ],
          [
            110.1,
            -7.1
          ],
          [
            109.9,
            -6.8
          ],
          [
            110.0,
            -6.6
          ],
          [
            110.2,
            -6.5
          ],
          [
            110.3,
            -6.5
          ]
        ]
      ]
    }
  },
  {
    "id": "k07",
    "nama": "Kesultanan Aceh",
    "lat": 5.5502,
    "lng": 95.3193,
    "mulai": 1496,
    "akhir": 1903,
    "deskripsi_singkat": "Kesultanan Islam yang kuat di ujung Sumatra.",
    "wilayah": {
      "type": "Polygon",
      "coordinates": [
        [
          [
            94.5,
            5.9
          ],
          [
            95.0,
            6.2
          ],
          [
            95.5,
            6.3
          ],
          [
            96.0,
            6.2
          ],
          [
            96.4,
            5.9
          ],
          [
            96.5,
            5.5
          ],
          [
            96.3,
            5.2
          ],
          [
            95.9,
            5.0
          ],
          [
            95.4,
            4.9
          ],
          [
            95.0,
            5.1
          ],
          [
            94.7,
            5.4
          ],
          [
            94.5,
            5.7
          ],
          [
            94.5,
            5.9
          ]
        ]
      ]
    }
  },
  {
    "id": "k12",
    "nama": "Kesultanan Ternate",
    "lat": 0.791,
    "lng": 127.38,
    "mulai": 1257,
    "akhir": 1914,
    "deskripsi_singkat": "Penguasa utama perdagangan rempah-rempah di Maluku.",
    "wilayah": {
      "type": "Polygon",
      "coordinates": [
        [
          [
            127.0,
            1.1
          ],
          [
            127.3,
            1.3
          ],
          [
            127.7,
            1.2
          ],
          [
            128.0,
            0.9
          ],
          [
            128.1,
            0.5
          ],
          [
            127.9,
            0.3
          ],
          [
            127.5,
            0.2
          ],
          [
            127.1,
            0.4
          ],
          [
            126.8,
            0.7
          ],
          [
            126.7,
            1.0
          ],
          [
            126.9,
            1.2
          ],
          [
            127.0,
            1.1
          ]
        ]
      ]
    }
  },
  {
    "id": "k13",
    "nama": "Kesultanan Mataram Islam",
    "lat": -7.86,
    "lng": 110.4,
    "mulai": 1586,
    "akhir": 1755,
    "deskripsi_singkat": "Kekuatan dominan di Jawa sebelum terpecah menjadi Yogyakarta & Surakarta.",
    "wilayah": {
      "type": "Polygon",
      "coordinates": [
        [
          [
            109.7,
            -7.0
          ],
          [
            110.1,
            -6.8
          ],
          [
            110.6,
            -6.9
          ],
          [
            111.0,
            -7.1
          ],
          [
            111.3,
            -7.4
          ],
          [
            111.4,
            -7.8
          ],
          [
            111.2,
            -8.2
          ],
          [
            110.8,
            -8.5
          ],
          [
            110.2,
            -8.6
          ],
          [
            109.8,
            -8.3
          ],
          [
            109.5,
            -7.9
          ],
          [
            109.5,
            -7.4
          ],
          [
            109.7,
            -7.0
          ]
        ]
      ]
    }
  },
  {
    "id": "k14",
    "nama": "Kesultanan Gowa-Tallo",
    "lat": -5.147,
    "lng": 119.432,
    "mulai": 1300,
    "akhir": 1945,
    "deskripsi_singkat": "Kekuatan maritim utama dari Makassar, Sulawesi Selatan.",
    "wilayah": {
      "type": "Polygon",
      "coordinates": [
        [
          [
            118.8,
            -4.8
          ],
          [
            119.2,
            -4.6
          ],
          [
            119.6,
            -4.7
          ],
          [
            120.0,
            -4.9
          ],
          [
            120.2,
            -5.2
          ],
          [
            120.1,
            -5.5
          ],
          [
            119.8,
            -5.8
          ],
          [
            119.4,
            -6.0
          ],
          [
            119.0,
            -5.9
          ],
          [
            118.7,
            -5.6
          ],
          [
            118.6,
            -5.2
          ],
          [
            118.7,
            -4.9
          ],
          [
            118.8,
            -4.8
          ]
        ]
      ]
    }
  },
  {
    "id": "k15",
    "nama": "Kesultanan Banten",
    "lat": -6.036,
    "lng": 106.162,
    "mulai": 1527,
    "akhir": 1813,
    "deskripsi_singkat": "Pusat perdagangan lada yang penting di ujung barat Jawa.",
    "wilayah": {
      "type": "Polygon",
      "coordinates": [
        [
          [
            105.7,
            -5.6
          ],
          [
            106.0,
            -5.4
          ],
          [
            106.4,
            -5.5
          ],
          [
            106.7,
            -5.8
          ],
          [
            106.8,
            -6.1
          ],
          [
            106.7,
            -6.4
          ],
          [
            106.4,
            -6.6
          ],
          [
            106.0,
            -6.7
          ],
          [
            105.6,
            -6.5
          ],
          [
            105.4,
            -6.2
          ],
          [
            105.5,
            -5.9
          ],
          [
            105.6,
            -5.7
          ],
          [
            105.7,
            -5.6
          ]
        ]
      ]
    }
  }
]